sum,outcome,advice,remedy_note
2,Very unfavorable,Postpone plans; seek guidance.,Offer protection prayers; perform purification.
3,Obstacles,Proceed with caution; make offerings.,Recite mantras; consult teacher.
4,Mixed,Wait for better timing.,Short practice; dedicate merit.
5,Favorable with effort,"Act, but prepare; be patient.",Small offering; strengthen motivation.
6,Good,Proceed; maintain mindfulness.,Light offering; gratitude practice.
7,Very good,Auspicious; success likely.,Dedicate merit; maintain humility.
8,Good,Proceed; check details.,Short protector practice.
9,Mixed,Clarify intentions; remove doubts.,Purification; seek advice.
10,Mixed to good,Act if necessary; remain flexible.,Make a simple offering.
11,Good,Go ahead; obstacles minor.,Gratitude; share benefit.
12,Very favorable,Excellent timing; proceed.,Offer thanks; continue practice.
